{
    "instance_uid": "simple_polygon_with_exterior_20_080",
    "num_points": 20,
    "points_x": [632, 1330, 3051, 5040, 5883, 8130, 9280, 9613, 9422,
        8996, 8020, 8467, 6735, 4674, 2519, 973, 1205, 1929, 3203, 5345],
    "points_y": [1588, 1097, 470, 1077, 2766, 3629, 2836, 4963, 6363,
        7327, 7611, 9720, 9183, 7865, 7692, 9797, 6005, 5812, 6301, 2923],
    "region_boundary": [0,1,2,3,6,7,8,11,15],
    "num_constraints": 11,
    "additional_constraints": [
        [3,4], [5,6], [9,10], [10,11], [11,12], [12,13], [13,14], [14,15],
        [15,16], [18,19], [19,0]
    ],
    "method": "sa",
    "parameters": {"alpha": 5, "beta": 0.5, "L": 50},
    "delaunay": true
}