{
    "instance_uid": "test_6",
    "num_points": 12,
    "points_x": [
        10,
        30,
        20,
        50,
        70,
        80,
        30,
        40,
        60,
        90,
        80,
        100
    ],
    "points_y": [
        10,
        10,
        30,
        10,
        10,
        30,
        50,
        70,
        70,
        50,
        70,
        70
    ],
    "region_boundary": [
        0,
        1,
        3,
        4,
        5,
        9,
        11,
        10,
        8,
        7,
        6,
        2
    ],
    "num_constraints": 0,
    "additional_constraints": [],
    "method": "ac",
    "parameters": {"alpha": 5.0, "beta": 0.1, "L": 50, "kappa": 8, "lambda":  0.2, "xi":  1, "psi":  4},
    "delaunay": true
}