{
    "instance_uid": "test_2",
    "num_points": 14,
    "points_x": [
        10,
        30,
        20,
        50,
        70,
        60,
        80,
        30,
        50,
        40,
        60,
        90,
        80,
        100
    ],
    "points_y": [
        10,
        10,
        30,
        10,
        10,
        30,
        30,
        50,
        50,
        70,
        70,
        50,
        70,
        70
    ],
    "region_boundary": [
        0,
        1,
        3,
        4,
        6,
        11,
        13,
        12,
        10,
        9,
        7,
        2
    ],
    "num_constraints": 0,
    "additional_constraints": []
}