{
    "instance_uid": "test_1",
    "num_points": 18,
    "points_x": [
        10,
        30,
        20,
        40,
        50,
        70,
        60,
        80,
        30,
        50,
        40,
        60,
        70,
        90,
        80,
        100,
        -50,
        50
    ],
    "points_y": [
        10,
        10,
        30,
        30,
        10,
        10,
        30,
        30,
        50,
        50,
        70,
        70,
        50,
        50,
        70,
        70,
        50,
        40
    ],
    "region_boundary": [
        0,
        1,
        4,
        5,
        7,
        13,
        15,
        14,
        11,
        10,
        16
    ],
    "num_constraints": 0,
    "additional_constraints": []
}