{
    "instance_uid": "test_5",
    "num_points": 12,
    "points_x": [
        10,
        30,
        20,
        50,
        70,
        80,
        30,
        40,
        60,
        90,
        80,
        100
    ],
    "points_y": [
        10,
        10,
        30,
        10,
        10,
        30,
        50,
        70,
        70,
        50,
        70,
        70
    ],
    "region_boundary": [
        0,
        1,
        3,
        4,
        5,
        9,
        11,
        10,
        8,
        7,
        6,
        2
    ],
    "num_constraints": 5,
    "additional_constraints": [
        [
            1,
            2
        ],
        [
            3,
            6
        ],
        [
            4,
            7
        ],
        [
            5,
            8
        ],
        [
            9,
            10
        ]
    ]
}